<?xml version="1.0"?>
<!DOCTYPE hibernate-mapping SYSTEM
"hibernate-mapping-3.0.dtd">

<hibernate-mapping package="manytomany">
	<class name="Course" table="course">

		<id name="courseId" column="courseId">
			<generator class="assigned" />
		</id>

		<property name="courseName" column="courseName" />
		<set name="students" table="STUDENT_COURSE" inverse="true"
			cascade="all">
			<key column="COURSE_ID" />
			<many-to-many column="STUDENT_ID" class="Student" />
		</set>
	</class>
</hibernate-mapping>