<?xml version="1.0"?>
<!DOCTYPE hibernate-mapping SYSTEM
"hibernate-mapping-3.0.dtd">

<hibernate-mapping package="manytomany">
	<class name="Student" table="student">
		<id name="studentId" column="studentId">
			<generator class="assigned" />
		</id>
		<property name="studentName" column="studentName" />
		<set name="courses" table="STUDENT_COURSE" cascade="all">
			<key column="STUDENT_ID" />
			<many-to-many column="COURSE_ID" class="Course" />
		</set>
	</class>
</hibernate-mapping>