<?xml version="1.0"?>
<!DOCTYPE hibernate-mapping SYSTEM
"hibernate-mapping-3.0.dtd">

<hibernate-mapping>

	<class name="mappings.onetoone.Address" table="address">
	<id name="sno" column="sno">
          <generator class="foreign">
            <param name="property">student</param>
          </generator>
         </id> 	
		<property name="hno" column="hno" />
		<property name="city" column="city" />
		 <one-to-one name="student" class="mappings.onetoone.Student"   constrained="true"></one-to-one>
		
	</class>
</hibernate-mapping>