<?xml version='1.0' encoding='utf-8'?>
<!DOCTYPE hibernate-configuration SYSTEM
"hibernate-configuration-3.0.dtd">

<hibernate-configuration>
	<session-factory>
		<property name="hibernate.connection.driver_class">com.mysql.jdbc.Driver</property>
		<property name="hibernate.connection.url">jdbc:mysql://localhost:3306/smlcodes</property>
		<property name="hibernate.connection.username">root</property>
		<property name="hibernate.connection.password">root</property>

		<property name="hibernate.dialect">org.hibernate.dialect.MySQLDialect</property>
		<property name="show_sql">true</property>
		<property name="hbm2ddl.auto">update</property>

		<property name="cache.provider_class">org.hibernate.cache.EhCacheProvider</property>
		<property name="hibernate.cache.use_second_level_cache">true</property>
		
			<mapping class="annotations.manytomany.Student"/>
		<mapping class="annotations.manytomany.Course"/>
		
		
 	<mapping class="annotations.StudentBo"/>
		<mapping class="annotations.onetoone.Car"/>
		<mapping class="annotations.onetoone.Engine"/>
		
		<mapping class="annotations.onetomany.Actor"/>
		<mapping class="annotations.onetomany.Movie"/>
 
	<!-- 	<mapping resource="cache/employee.hbm.xml" />

		  <mapping resource="EmployeeBo.hbm.xml" /> <mapping resource="BankBo.hbm.xml" 
			/> <mapping resource="Vehicle.hbm.xml" /> <mapping resource="manytomany/Course.hbm.xml" 
			/> <mapping resource="manytomany/Student.hbm.xml" />  

		 
		 <mapping resource= "mappings/onetoone/Author.hbm.xml" /> <mapping 
			resource="mappings/onetoone/Address.hbm.xml" /> <mapping resource="onetoone/Car.hbm.xml" 
			/> <mapping resource="onetoone/Engine.hbm.xml" /> <mapping resource="Course.hbm.xml" 
			/> <mapping resource="manytoone/Actor.hbm.xml" /> <mapping resource="manytoone/Movie.hbm.xml" 
			/>  -->
		<!-- Mapping xmls End -->
	</session-factory>
</hibernate-configuration>
