<?xml version="1.0"?>
<!DOCTYPE hibernate-mapping SYSTEM
"hibernate-mapping-3.0.dtd">

<!-- ===== 3.Table Per Concrete Class Hierarchy ==== -->
<hibernate-mapping>
	<class name="inheritance.Vehicle" table="vehicle">
	<id name="vid" column="vid"></id> 
	<property name="price" column="price"></property>
	
	<union-subclass name="inheritance.Bike" table="bike">		
		<property name="biketype" column="type"></property>	
	</union-subclass>
		
	 <union-subclass name="inheritance.Car" table="car">		 
		<property name="cartype" column="type"></property>	
	</union-subclass>	 	 
	</class>
</hibernate-mapping>
<!-- ===== 3.Table Per Concrete Class Hierarchy ==== -->


<!-- ===== 2.Table per Sub class ========== 
<hibernate-mapping>
	<class name="inheritance.Vehicle" table="vehicle">
	<id name="vid" column="vid"></id> 
	<property name="price" column="price"></property>
	
	<joined-subclass name="inheritance.Bike" table="bike">
		<key column="BIKE_KEY" />
		<property name="biketype" column="type"></property>	
	</joined-subclass>
		
	 <joined-subclass name="inheritance.Car" table="car">
		<key column="CAR_KEY" />
		<property name="cartype" column="type"></property>	
	</joined-subclass>	 	 
	</class>
</hibernate-mapping>
  ===== 2.Table per Sub class ========== --> 
 








<!-- ===== 1.Table per Class Hierarchi ========== 
<hibernate-mapping>
	<class name="inheritance.Vehicle" table="vehicle">
	<id name="vid" column="vid"></id>
	<discriminator column="DISC" type="string"/>
	<property name="price" column="price"></property>
	
	<subclass name="inheritance.Bike" discriminator-value="BIKE_DISC">
		<property name="biketype" column="biketype"></property>	
	</subclass>
		
	<subclass name="inheritance.Car" discriminator-value="CAR_DISC">
		<property name="cartype" column="cartype"></property>	
	</subclass>		 
	</class>
</hibernate-mapping>
 ===== 1.Table per Class Hierarchi ========== -->
 
 
 
 