<?xml version="1.0"?>
<!DOCTYPE hibernate-mapping SYSTEM
"hibernate-mapping-3.0.dtd">

<hibernate-mapping>

	<class name="mappings.Address" table="address">
		<id name="sno">
			<column name="sno" />
			<generator class="foreign">
				<param name="property">student</param>
			</generator>
		</id>
		<one-to-one name="student" class="mappings.Student"
			constrained="true"></one-to-one>
		<property name="hno" column="hno" />
		<property name="city" column="city" />
	</class>
</hibernate-mapping>